RespondentID,Have you seen any of the 6 films in the Star Wars franchise?,Do you consider yourself to be a fan of the Star Wars film franchise?,Which of the following Star Wars films have you seen? Please select all that apply.,,,,,,Please rank the Star Wars films in order of preference with 1 being your favorite film in the franchise and 6 being your least favorite film.,,,,,,"Please state whether you view the following characters favorably, unfavorably, or are unfamiliar with him/her.",,,,,,,,,,,,,,Which character shot first?,Are you familiar with the Expanded Universe?,Do you consider yourself to be a fan of the Expanded Universe??a,Do you consider yourself to be a fan of the Star Trek franchise?,Gender,Age,Household Income,Education,Location (Census Region)
,Response,Response,Star Wars: Episode I  The Phantom Menace,Star Wars: Episode II  Attack of the Clones,Star Wars: Episode III  Revenge of the Sith,Star Wars: Episode IV  A New Hope,Star Wars: Episode V The Empire Strikes Back,Star Wars: Episode VI Return of the Jedi,Star Wars: Episode I  The Phantom Menace,Star Wars: Episode II  Attack of the Clones,Star Wars: Episode III  Revenge of the Sith,Star Wars: Episode IV  A New Hope,Star Wars: Episode V The Empire Strikes Back,Star Wars: Episode VI Return of the Jedi,Han Solo,Luke Skywalker,Princess Leia Organa,Anakin Skywalker,Obi Wan Kenobi,Emperor Palpatine,Darth Vader,Lando Calrissian,Boba Fett,C-3P0,R2 D2,Jar Jar Binks,Padme Amidala,Yoda,Response,Response,Response,Response,Response,Response,Response,Response,Response
3292879998,Yes,Yes,Star Wars: Episode I  The Phantom Menace,Star Wars: Episode II  Attack of the Clones,Star Wars: Episode III  Revenge of the Sith,Star Wars: Episode IV  A New Hope,Star Wars: Episode V The Empire Strikes Back,Star Wars: Episode VI Return of the Jedi,3,2,1,4,5,6,Very favorably,Very favorably,Very favorably,Very favorably,Very favorably,Very favorably,Very favorably,Unfamiliar (N/A),Unfamiliar (N/A),Very favorably,Very favorably,Very favorably,Very favorably,Very favorably,I don't understand this question,Yes,No,No,Male,18-29,,High school degree,South Atlantic
3292879538,No,,,,,,,,,,,,,,,,,,,,,,,,,,,,,,,Yes,Male,18-29,"$0 - $24,999",Bachelor degree,West South Central
3292765271,Yes,No,Star Wars: Episode I  The Phantom Menace,Star Wars: Episode II  Attack of the Clones,Star Wars: Episode III  Revenge of the Sith,,,,1,2,3,4,5,6,Somewhat favorably,Somewhat favorably,Somewhat favorably,Somewhat favorably,Somewhat favorably,Unfamiliar (N/A),Unfamiliar (N/A),Unfamiliar (N/A),Unfamiliar (N/A),Unfamiliar (N/A),Unfamiliar (N/A),Unfamiliar (N/A),Unfamiliar (N/A),Unfamiliar (N/A),I don't understand this question,No,,No,Male,18-29,"$0 - $24,999",High school degree,West North Central
3292763116,Yes,Yes,Star Wars: Episode I  The Phantom Menace,Star Wars: Episode II  Attack of the Clones,Star Wars: Episode III  Revenge of the Sith,Star Wars: Episode IV  A New Hope,Star Wars: Episode V The Empire Strikes Back,Star Wars: Episode VI Return of the Jedi,5,6,1,2,4,3,Very favorably,Very favorably,Very favorably,Very favorably,Very favorably,Somewhat favorably,Very favorably,Somewhat favorably,Somewhat unfavorably,Very favorably,Very favorably,Very favorably,Very favorably,Very favorably,I don't understand this question,No,,Yes,Male,18-29,"$100,000 - $149,999",Some college or Associate degree,West North Central
3292731220,Yes,Yes,Star Wars: Episode I  The Phantom Menace,Star Wars: Episode II  Attack of the Clones,Star Wars: Episode III  Revenge of the Sith,Star Wars: Episode IV  A New Hope,Star Wars: Episode V The Empire Strikes Back,Star Wars: Episode VI Return of the Jedi,5,4,6,2,1,3,Very favorably,Somewhat favorably,Somewhat favorably,Somewhat unfavorably,Very favorably,Very unfavorably,Somewhat favorably,Neither favorably nor unfavorably (neutral),Very favorably,Somewhat favorably,Somewhat favorably,Very unfavorably,Somewhat favorably,Somewhat favorably,Greedo,Yes,No,No,Male,18-29,"$100,000 - $149,999",Some college or Associate degree,West North Central
3292719380,Yes,Yes,Star Wars: Episode I  The Phantom Menace,Star Wars: Episode II  Attack of the Clones,Star Wars: Episode III  Revenge of the Sith,Star Wars: Episode IV  A New Hope,Star Wars: Episode V The Empire Strikes Back,Star Wars: Episode VI Return of the Jedi,1,4,3,6,5,2,Very favorably,Very favorably,Very favorably,Very favorably,Very favorably,Neither favorably nor unfavorably (neutral),Very favorably,Neither favorably nor unfavorably (neutral),Somewhat favorably,Somewhat favorably,Somewhat favorably,Somewhat favorably,Neither favorably nor unfavorably (neutral),Very favorably,Han,Yes,No,Yes,Male,18-29,"$25,000 - $49,999",Bachelor degree,Middle Atlantic
3292684787,Yes,Yes,Star Wars: Episode I  The Phantom Menace,Star Wars: Episode II  Attack of the Clones,Star Wars: Episode III  Revenge of the Sith,Star Wars: Episode IV  A New Hope,Star Wars: Episode V The Empire Strikes Back,Star Wars: Episode VI Return of the Jedi,6,5,4,3,1,2,Very favorably,Very favorably,Somewhat favorably,Somewhat favorably,Very favorably,Very favorably,Very favorably,Very favorably,Very favorably,Somewhat favorably,Very favorably,Somewhat unfavorably,Somewhat favorably,Very favorably,Han,Yes,No,No,Male,18-29,,High school degree,East North Central
3292663732,Yes,Yes,Star Wars: Episode I  The Phantom Menace,Star Wars: Episode II  Attack of the Clones,Star Wars: Episode III  Revenge of the Sith,Star Wars: Episode IV  A New Hope,Star Wars: Episode V The Empire Strikes Back,Star Wars: Episode VI Return of the Jedi,4,5,6,3,2,1,Very favorably,Somewhat favorably,Very favorably,Neither favorably nor unfavorably (neutral),Very favorably,Very unfavorably,Somewhat unfavorably,Neither favorably nor unfavorably (neutral),Somewhat favorably,Somewhat favorably,Somewhat favorably,Very unfavorably,Somewhat unfavorably,Very favorably,Han,No,,Yes,Male,18-29,,High school degree,South Atlantic
3292654043,Yes,Yes,Star Wars: Episode I  The Phantom Menace,Star Wars: Episode II  Attack of the Clones,Star Wars: Episode III  Revenge of the Sith,Star Wars: Episode IV  A New Hope,Star Wars: Episode V The Empire Strikes Back,Star Wars: Episode VI Return of the Jedi,5,4,6,2,1,3,Very favorably,Somewhat unfavorably,Somewhat favorably,Somewhat favorably,Somewhat favorably,Very favorably,Very favorably,Very favorably,Very favorably,Neither favorably nor unfavorably (neutral),Somewhat favorably,Very unfavorably,Somewhat unfavorably,Somewhat favorably,Han,No,,No,Male,18-29,"$0 - $24,999",Some college or Associate degree,South Atlantic
3292640424,Yes,No,,Star Wars: Episode II  Attack of the Clones,,,,,1,2,3,4,5,6,Neither favorably nor unfavorably (neutral),Very favorably,Very favorably,Very favorably,Very favorably,Somewhat unfavorably,Very favorably,Somewhat unfavorably,Somewhat unfavorably,Very favorably,Very favorably,Very favorably,Somewhat unfavorably,Very favorably,I don't understand this question,No,,No,Male,18-29,"$25,000 - $49,999",Some college or Associate degree,Pacific
3292637870,Yes,,,,,,,,,,,,,,,,,,,,,,,,,,,,,,,,,,,,
3292635062,No,,,,,,,,,,,,,,,,,,,,,,,,,,,,,,,,,,,,
3292609214,Yes,No,Star Wars: Episode I  The Phantom Menace,Star Wars: Episode II  Attack of the Clones,Star Wars: Episode III  Revenge of the Sith,Star Wars: Episode IV  A New Hope,Star Wars: Episode V The Empire Strikes Back,Star Wars: Episode VI Return of the Jedi,3,4,5,6,1,2,Somewhat favorably,Very favorably,Somewhat favorably,Somewhat favorably,Somewhat favorably,Somewhat favorably,Very favorably,Neither favorably nor unfavorably (neutral),Somewhat favorably,Very favorably,Very favorably,Very favorably,Somewhat favorably,Very favorably,Greedo,No,,No,Male,18-29,"$25,000 - $49,999",Bachelor degree,South Atlantic
3292596911,Yes,Yes,Star Wars: Episode I  The Phantom Menace,Star Wars: Episode II  Attack of the Clones,Star Wars: Episode III  Revenge of the Sith,Star Wars: Episode IV  A New Hope,Star Wars: Episode V The Empire Strikes Back,Star Wars: Episode VI Return of the Jedi,4,5,6,2,3,1,Very favorably,Very favorably,Very favorably,Somewhat favorably,Very favorably,Unfamiliar (N/A),Very unfavorably,Unfamiliar (N/A),Neither favorably nor unfavorably (neutral),Very favorably,Very favorably,Unfamiliar (N/A),Very favorably,Very favorably,I don't understand this question,No,,No,Male,30-44,"$50,000 - $99,999",Graduate degree,Mountain
3292587240,Yes,Yes,Star Wars: Episode I  The Phantom Menace,Star Wars: Episode II  Attack of the Clones,Star Wars: Episode III  Revenge of the Sith,Star Wars: Episode IV  A New Hope,Star Wars: Episode V The Empire Strikes Back,Star Wars: Episode VI Return of the Jedi,4,2,5,3,1,6,Somewhat favorably,Very favorably,Very favorably,Somewhat favorably,Very favorably,Very unfavorably,Very unfavorably,Very unfavorably,Very unfavorably,Very favorably,Very favorably,Very favorably,Very favorably,Very favorably,Han,No,,No,Male,18-29,,High school degree,East North Central
3292583038,Yes,Yes,Star Wars: Episode I  The Phantom Menace,Star Wars: Episode II  Attack of the Clones,Star Wars: Episode III  Revenge of the Sith,Star Wars: Episode IV  A New Hope,Star Wars: Episode V The Empire Strikes Back,Star Wars: Episode VI Return of the Jedi,4,6,5,3,1,2,Very favorably,Somewhat favorably,Somewhat favorably,Somewhat unfavorably,Very favorably,Somewhat favorably,Very favorably,Somewhat favorably,Very favorably,Somewhat unfavorably,Neither favorably nor unfavorably (neutral),Very unfavorably,Very unfavorably,Somewhat favorably,Han,Yes,Yes,Yes,Male,18-29,"$0 - $24,999",Some college or Associate degree,West South Central
3292580516,Yes,Yes,,,,Star Wars: Episode IV  A New Hope,,,4,1,2,3,5,6,Neither favorably nor unfavorably (neutral),Somewhat favorably,Somewhat unfavorably,Neither favorably nor unfavorably (neutral),Very unfavorably,Somewhat favorably,Somewhat unfavorably,Neither favorably nor unfavorably (neutral),Somewhat favorably,Neither favorably nor unfavorably (neutral),Somewhat unfavorably,Neither favorably nor unfavorably (neutral),Somewhat unfavorably,Very unfavorably,Han,Yes,Yes,No,Male,18-29,"$50,000 - $99,999",Bachelor degree,New England
3292572872,Yes,Yes,Star Wars: Episode I  The Phantom Menace,Star Wars: Episode II  Attack of the Clones,Star Wars: Episode III  Revenge of the Sith,,,Star Wars: Episode VI Return of the Jedi,1,2,3,4,5,6,Very favorably,Very favorably,Very favorably,Very favorably,Very favorably,Somewhat favorably,Very favorably,Neither favorably nor unfavorably (neutral),Somewhat favorably,Very favorably,Very favorably,Very favorably,Very favorably,Very favorably,Greedo,No,,No,Male,18-29,,Some college or Associate degree,Middle Atlantic
3292565282,Yes,Yes,Star Wars: Episode I  The Phantom Menace,Star Wars: Episode II  Attack of the Clones,Star Wars: Episode III  Revenge of the Sith,Star Wars: Episode IV  A New Hope,Star Wars: Episode V The Empire Strikes Back,Star Wars: Episode VI Return of the Jedi,6,5,2,3,1,4,Very favorably,Very favorably,Very favorably,Very favorably,Very favorably,Very favorably,Very favorably,Somewhat favorably,Very favorably,Very favorably,Very favorably,Very unfavorably,Somewhat unfavorably,Very favorably,Han,No,,No,Male,18-29,,High school degree,South Atlantic
3292562297,Yes,Yes,Star Wars: Episode I  The Phantom Menace,Star Wars: Episode II  Attack of the Clones,Star Wars: Episode III  Revenge of the Sith,Star Wars: Episode IV  A New Hope,Star Wars: Episode V The Empire Strikes Back,Star Wars: Episode VI Return of the Jedi,6,5,1,4,3,2,Very favorably,Somewhat favorably,Very favorably,Very favorably,Somewhat favorably,Somewhat unfavorably,Very favorably,Very unfavorably,Very favorably,Somewhat favorably,Very favorably,Somewhat unfavorably,Very favorably,Very favorably,Greedo,No,,Yes,Male,18-29,"$50,000 - $99,999",Some college or Associate degree,West North Central
3292522349,Yes,Yes,Star Wars: Episode I  The Phantom Menace,Star Wars: Episode II  Attack of the Clones,Star Wars: Episode III  Revenge of the Sith,Star Wars: Episode IV  A New Hope,Star Wars: Episode V The Empire Strikes Back,Star Wars: Episode VI Return of the Jedi,6,5,4,1,2,3,Very favorably,Very favorably,Somewhat favorably,Somewhat favorably,Very favorably,Neither favorably nor unfavorably (neutral),Somewhat favorably,Neither favorably nor unfavorably (neutral),Very favorably,Somewhat favorably,Somewhat favorably,Very unfavorably,Neither favorably nor unfavorably (neutral),Very favorably,Han,No,,No,Male,18-29,,Some college or Associate degree,Pacific
3292521066,Yes,No,Star Wars: Episode I  The Phantom Menace,Star Wars: Episode II  Attack of the Clones,Star Wars: Episode III  Revenge of the Sith,Star Wars: Episode IV  A New Hope,Star Wars: Episode V The Empire Strikes Back,,3,4,5,1,2,6,Neither favorably nor unfavorably (neutral),Neither favorably nor unfavorably (neutral),Neither favorably nor unfavorably (neutral),Neither favorably nor unfavorably (neutral),Neither favorably nor unfavorably (neutral),Neither favorably nor unfavorably (neutral),Neither favorably nor unfavorably (neutral),Neither favorably nor unfavorably (neutral),Neither favorably nor unfavorably (neutral),Neither favorably nor unfavorably (neutral),Neither favorably nor unfavorably (neutral),Neither favorably nor unfavorably (neutral),Neither favorably nor unfavorably (neutral),Neither favorably nor unfavorably (neutral),I don't understand this question,No,,No,Male,18-29,,Bachelor degree,Pacific
3292511801,Yes,Yes,Star Wars: Episode I  The Phantom Menace,Star Wars: Episode II  Attack of the Clones,Star Wars: Episode III  Revenge of the Sith,Star Wars: Episode IV  A New Hope,Star Wars: Episode V The Empire Strikes Back,Star Wars: Episode VI Return of the Jedi,6,5,4,3,1,2,Very favorably,Very favorably,Very favorably,Neither favorably nor unfavorably (neutral),Very favorably,Very unfavorably,Somewhat favorably,Somewhat favorably,Somewhat unfavorably,Very favorably,Very favorably,Very unfavorably,Neither favorably nor unfavorably (neutral),Very favorably,Greedo,Yes,Yes,Yes,Male,18-29,"$50,000 - $99,999",Bachelor degree,South Atlantic
3292483200,Yes,Yes,Star Wars: Episode I  The Phantom Menace,Star Wars: Episode II  Attack of the Clones,Star Wars: Episode III  Revenge of the Sith,Star Wars: Episode IV  A New Hope,Star Wars: Episode V The Empire Strikes Back,Star Wars: Episode VI Return of the Jedi,6,1,4,2,3,5,Very favorably,Somewhat favorably,Somewhat favorably,Somewhat unfavorably,Somewhat favorably,Somewhat favorably,Very favorably,Neither favorably nor unfavorably (neutral),Neither favorably nor unfavorably (neutral),Somewhat favorably,Very favorably,Somewhat favorably,Neither favorably nor unfavorably (neutral),Very favorably,Han,No,,No,Male,18-29,"$0 - $24,999",Bachelor degree,Pacific
3292465491,Yes,Yes,Star Wars: Episode I  The Phantom Menace,Star Wars: Episode II  Attack of the Clones,Star Wars: Episode III  Revenge of the Sith,Star Wars: Episode IV  A New Hope,Star Wars: Episode V The Empire Strikes Back,Star Wars: Episode VI Return of the Jedi,1,2,6,3,4,5,Very favorably,Very favorably,Very favorably,Very favorably,Very favorably,Very favorably,Very favorably,Very favorably,Very favorably,Very favorably,Very favorably,Very favorably,Very favorably,Very favorably,Han,No,,No,Male,18-29,,,East North Central
3292447974,No,,,,,,,,,,,,,,,,,,,,,,,,,,,,,,,Yes,Male,18-29,"$0 - $24,999",High school degree,East South Central
3292420123,Yes,Yes,Star Wars: Episode I  The Phantom Menace,Star Wars: Episode II  Attack of the Clones,Star Wars: Episode III  Revenge of the Sith,Star Wars: Episode IV  A New Hope,Star Wars: Episode V The Empire Strikes Back,Star Wars: Episode VI Return of the Jedi,4,6,5,2,3,1,Very favorably,Somewhat favorably,Somewhat favorably,Somewhat favorably,Very favorably,Somewhat favorably,Somewhat favorably,Somewhat favorably,Very favorably,Very favorably,Very favorably,Very unfavorably,Somewhat favorably,Very favorably,Greedo,Yes,No,No,Male,18-29,"$100,000 - $149,999",Some college or Associate degree,South Atlantic
3292384040,Yes,Yes,Star Wars: Episode I  The Phantom Menace,Star Wars: Episode II  Attack of the Clones,Star Wars: Episode III  Revenge of the Sith,Star Wars: Episode IV  A New Hope,Star Wars: Episode V The Empire Strikes Back,Star Wars: Episode VI Return of the Jedi,6,5,4,2,3,1,Very favorably,Very favorably,Very favorably,Somewhat favorably,Very favorably,Very unfavorably,Very unfavorably,Somewhat favorably,Somewhat unfavorably,Very favorably,Very favorably,Very favorably,Very favorably,Very favorably,Greedo,No,,No,Male,18-29,,Some college or Associate degree,Middle Atlantic
3292380493,Yes,Yes,Star Wars: Episode I  The Phantom Menace,Star Wars: Episode II  Attack of the Clones,Star Wars: Episode III  Revenge of the Sith,Star Wars: Episode IV  A New Hope,Star Wars: Episode V The Empire Strikes Back,Star Wars: Episode VI Return of the Jedi,6,5,4,2,1,3,Very favorably,Somewhat favorably,Neither favorably nor unfavorably (neutral),Very unfavorably,Very unfavorably,Very unfavorably,Very favorably,Very favorably,Somewhat favorably,Very unfavorably,Somewhat unfavorably,Very unfavorably,Very unfavorably,Very favorably,Han,Yes,No,No,Male,18-29,,Some college or Associate degree,Middle Atlantic
3292376985,Yes,Yes,Star Wars: Episode I  The Phantom Menace,Star Wars: Episode II  Attack of the Clones,Star Wars: Episode III  Revenge of the Sith,Star Wars: Episode IV  A New Hope,Star Wars: Episode V The Empire Strikes Back,Star Wars: Episode VI Return of the Jedi,4,6,5,2,1,3,Very favorably,Very favorably,Very favorably,Very unfavorably,Very favorably,Very favorably,Very favorably,Very favorably,Very favorably,Very favorably,Very favorably,Unfamiliar (N/A),Very unfavorably,Very favorably,Han,Yes,Yes,Yes,Male,18-29,"$150,000+",Some college or Associate degree,East North Central
3292366792,Yes,No,Star Wars: Episode I  The Phantom Menace,Star Wars: Episode II  Attack of the Clones,Star Wars: Episode III  Revenge of the Sith,Star Wars: Episode IV  A New Hope,Star Wars: Episode V The Empire Strikes Back,Star Wars: Episode VI Return of the Jedi,4,3,5,6,2,1,Neither favorably nor unfavorably (neutral),Neither favorably nor unfavorably (neutral),Neither favorably nor unfavorably (neutral),Neither favorably nor unfavorably (neutral),Somewhat favorably,Unfamiliar (N/A),Somewhat favorably,Somewhat favorably,Somewhat favorably,Somewhat favorably,Somewhat favorably,Somewhat unfavorably,Unfamiliar (N/A),Somewhat favorably,I don't understand this question,No,,No,Male,30-44,"$0 - $24,999",High school degree,New England
3292339379,Yes,Yes,Star Wars: Episode I  The Phantom Menace,Star Wars: Episode II  Attack of the Clones,Star Wars: Episode III  Revenge of the Sith,Star Wars: Episode IV  A New Hope,Star Wars: Episode V The Empire Strikes Back,Star Wars: Episode VI Return of the Jedi,6,5,4,2,1,3,Very favorably,Very favorably,Very favorably,Very favorably,Very favorably,Very favorably,Very favorably,Very favorably,Very favorably,Very favorably,Very favorably,Very unfavorably,Very favorably,Very favorably,Han,Yes,Yes,Yes,Male,30-44,"$50,000 - $99,999",Some college or Associate degree,West North Central
3292330840,Yes,No,Star Wars: Episode I  The Phantom Menace,Star Wars: Episode II  Attack of the Clones,Star Wars: Episode III  Revenge of the Sith,Star Wars: Episode IV  A New Hope,Star Wars: Episode V The Empire Strikes Back,Star Wars: Episode VI Return of the Jedi,6,1,2,3,4,5,Somewhat unfavorably,Somewhat unfavorably,Somewhat unfavorably,Somewhat unfavorably,Somewhat unfavorably,Somewhat unfavorably,Somewhat unfavorably,Somewhat unfavorably,Somewhat unfavorably,Somewhat unfavorably,Somewhat unfavorably,Somewhat unfavorably,Somewhat unfavorably,Somewhat unfavorably,Han,No,,No,Male,18-29,,,Middle Atlantic
3292318652,Yes,No,,Star Wars: Episode II  Attack of the Clones,Star Wars: Episode III  Revenge of the Sith,,,,6,1,2,3,4,5,,,,,,,,,,,,,,,Han,No,,No,Male,18-29,"$50,000 - $99,999",High school degree,Mountain
3292297848,No,,,,,,,,,,,,,,,,,,,,,,,,,,,,,,,Yes,Male,30-44,"$50,000 - $99,999",Graduate degree,East South Central
3292290677,Yes,Yes,Star Wars: Episode I  The Phantom Menace,Star Wars: Episode II  Attack of the Clones,Star Wars: Episode III  Revenge of the Sith,Star Wars: Episode IV  A New Hope,Star Wars: Episode V The Empire Strikes Back,Star Wars: Episode VI Return of the Jedi,6,3,4,1,2,5,Very favorably,Very favorably,Very favorably,Very favorably,Very favorably,Somewhat favorably,Somewhat favorably,Neither favorably nor unfavorably (neutral),Very favorably,Very favorably,Very favorably,Very unfavorably,Very favorably,Very favorably,Han,No,,No,Male,30-44,"$150,000+",Graduate degree,East North Central
3292281095,Yes,Yes,Star Wars: Episode I  The Phantom Menace,Star Wars: Episode II  Attack of the Clones,Star Wars: Episode III  Revenge of the Sith,Star Wars: Episode IV  A New Hope,Star Wars: Episode V The Empire Strikes Back,Star Wars: Episode VI Return of the Jedi,3,2,1,4,6,5,Somewhat favorably,Neither favorably nor unfavorably (neutral),Neither favorably nor unfavorably (neutral),Very favorably,Somewhat favorably,Neither favorably nor unfavorably (neutral),Somewhat favorably,Neither favorably nor unfavorably (neutral),Neither favorably nor unfavorably (neutral),Neither favorably nor unfavorably (neutral),Neither favorably nor unfavorably (neutral),Neither favorably nor unfavorably (neutral),Neither favorably nor unfavorably (neutral),Neither favorably nor unfavorably (neutral),Greedo,No,,No,Male,18-29,"$0 - $24,999",Bachelor degree,West North Central
3292279889,Yes,Yes,Star Wars: Episode I  The Phantom Menace,Star Wars: Episode II  Attack of the Clones,Star Wars: Episode III  Revenge of the Sith,Star Wars: Episode IV  A New Hope,Star Wars: Episode V The Empire Strikes Back,Star Wars: Episode VI Return of the Jedi,2,4,5,1,6,3,Very favorably,Somewhat favorably,Very favorably,Somewhat favorably,Very favorably,Somewhat unfavorably,Very unfavorably,Neither favorably nor unfavorably (neutral),Somewhat unfavorably,Neither favorably nor unfavorably (neutral),Somewhat favorably,Neither favorably nor unfavorably (neutral),Somewhat favorably,Somewhat favorably,Han,No,,No,Male,18-29,,Some college or Associate degree,Pacific
3292264069,Yes,Yes,Star Wars: Episode I  The Phantom Menace,Star Wars: Episode II  Attack of the Clones,Star Wars: Episode III  Revenge of the Sith,Star Wars: Episode IV  A New Hope,Star Wars: Episode V The Empire Strikes Back,Star Wars: Episode VI Return of the Jedi,6,3,5,1,4,2,Somewhat favorably,Somewhat favorably,Somewhat favorably,Somewhat favorably,Somewhat favorably,Somewhat favorably,Somewhat favorably,Somewhat favorably,Somewhat favorably,Somewhat favorably,Somewhat favorably,Neither favorably nor unfavorably (neutral),Somewhat favorably,Somewhat favorably,Han,Yes,No,Yes,Male,30-44,"$50,000 - $99,999",Bachelor degree,Middle Atlantic
3292257520,Yes,Yes,Star Wars: Episode I  The Phantom Menace,Star Wars: Episode II  Attack of the Clones,Star Wars: Episode III  Revenge of the Sith,Star Wars: Episode IV  A New Hope,Star Wars: Episode V The Empire Strikes Back,Star Wars: Episode VI Return of the Jedi,4,5,6,3,2,1,Very favorably,Very favorably,Very favorably,Somewhat favorably,Very favorably,Somewhat unfavorably,Very favorably,Somewhat favorably,Very favorably,Very favorably,Very favorably,Neither favorably nor unfavorably (neutral),Very favorably,Very favorably,Greedo,Yes,Yes,Yes,Male,30-44,"$0 - $24,999",High school degree,West North Central
3292249492,Yes,Yes,Star Wars: Episode I  The Phantom Menace,Star Wars: Episode II  Attack of the Clones,Star Wars: Episode III  Revenge of the Sith,Star Wars: Episode IV  A New Hope,Star Wars: Episode V The Empire Strikes Back,Star Wars: Episode VI Return of the Jedi,5,6,2,3,4,1,Very favorably,Very favorably,Very favorably,Neither favorably nor unfavorably (neutral),Very favorably,Somewhat favorably,Very favorably,Very favorably,Neither favorably nor unfavorably (neutral),Very favorably,Very favorably,Very unfavorably,Neither favorably nor unfavorably (neutral),Very favorably,Han,No,,Yes,Male,30-44,"$100,000 - $149,999",Graduate degree,Middle Atlantic
3292222729,Yes,Yes,Star Wars: Episode I  The Phantom Menace,Star Wars: Episode II  Attack of the Clones,Star Wars: Episode III  Revenge of the Sith,Star Wars: Episode IV  A New Hope,Star Wars: Episode V The Empire Strikes Back,Star Wars: Episode VI Return of the Jedi,6,5,4,2,1,3,Very favorably,Very favorably,Very favorably,Somewhat favorably,Very favorably,Somewhat favorably,Very favorably,Very favorably,Very favorably,Somewhat favorably,Somewhat favorably,Somewhat favorably,Somewhat favorably,Very favorably,Han,Yes,Yes,No,Male,30-44,"$100,000 - $149,999",Graduate degree,Pacific
3292221635,Yes,Yes,Star Wars: Episode I  The Phantom Menace,Star Wars: Episode II  Attack of the Clones,Star Wars: Episode III  Revenge of the Sith,Star Wars: Episode IV  A New Hope,Star Wars: Episode V The Empire Strikes Back,Star Wars: Episode VI Return of the Jedi,5,6,4,2,1,3,Very favorably,Very favorably,Very favorably,Somewhat favorably,Very favorably,Somewhat favorably,Somewhat favorably,Somewhat favorably,Very favorably,Somewhat unfavorably,Somewhat favorably,Very unfavorably,Somewhat favorably,Neither favorably nor unfavorably (neutral),Greedo,Yes,Yes,No,Male,18-29,"$25,000 - $49,999",Bachelor degree,West North Central
3292218251,Yes,Yes,Star Wars: Episode I  The Phantom Menace,Star Wars: Episode II  Attack of the Clones,Star Wars: Episode III  Revenge of the Sith,Star Wars: Episode IV  A New Hope,Star Wars: Episode V The Empire Strikes Back,Star Wars: Episode VI Return of the Jedi,6,5,4,2,1,3,Very favorably,Very favorably,Very favorably,Somewhat favorably,Very favorably,Somewhat favorably,Very favorably,Somewhat favorably,Somewhat favorably,Very favorably,Very favorably,Very unfavorably,Very favorably,Very favorably,Han,Yes,Yes,Yes,Male,18-29,"$150,000+",Bachelor degree,Pacific
3292214307,Yes,Yes,Star Wars: Episode I  The Phantom Menace,Star Wars: Episode II  Attack of the Clones,Star Wars: Episode III  Revenge of the Sith,Star Wars: Episode IV  A New Hope,Star Wars: Episode V The Empire Strikes Back,Star Wars: Episode VI Return of the Jedi,5,6,4,3,2,1,Very favorably,Very favorably,Very favorably,Somewhat favorably,Somewhat favorably,Somewhat favorably,Somewhat favorably,Somewhat favorably,Somewhat favorably,Somewhat favorably,Somewhat favorably,Neither favorably nor unfavorably (neutral),Somewhat unfavorably,Somewhat favorably,Han,Yes,No,No,Male,18-29,"$25,000 - $49,999",High school degree,New England
3292210606,Yes,Yes,Star Wars: Episode I  The Phantom Menace,Star Wars: Episode II  Attack of the Clones,Star Wars: Episode III  Revenge of the Sith,Star Wars: Episode IV  A New Hope,Star Wars: Episode V The Empire Strikes Back,Star Wars: Episode VI Return of the Jedi,6,5,4,2,1,3,Very favorably,Very favorably,Very favorably,Somewhat favorably,Very favorably,Somewhat favorably,Very favorably,Very favorably,Very favorably,Very favorably,Very favorably,Very unfavorably,Very favorably,Very favorably,Han,No,,No,Male,18-29,,Some college or Associate degree,West North Central
3292202220,No,,,,,,,,,,,,,,,,,,,,,,,,,,,,,,,No,Male,18-29,"$0 - $24,999",High school degree,Pacific
3292189580,Yes,Yes,Star Wars: Episode I  The Phantom Menace,Star Wars: Episode II  Attack of the Clones,Star Wars: Episode III  Revenge of the Sith,Star Wars: Episode IV  A New Hope,Star Wars: Episode V The Empire Strikes Back,Star Wars: Episode VI Return of the Jedi,5,4,6,3,1,2,Very favorably,Very favorably,Very favorably,Somewhat unfavorably,Very favorably,Very unfavorably,Very unfavorably,Somewhat unfavorably,Very unfavorably,Very favorably,Very favorably,Very favorably,Very favorably,Very favorably,Han,Yes,Yes,Yes,Male,30-44,"$50,000 - $99,999",Some college or Associate degree,West North Central
3292187343,Yes,No,Star Wars: Episode I  The Phantom Menace,Star Wars: Episode II  Attack of the Clones,Star Wars: Episode III  Revenge of the Sith,Star Wars: Episode IV  A New Hope,Star Wars: Episode V The Empire Strikes Back,Star Wars: Episode VI Return of the Jedi,6,5,4,1,2,3,Very favorably,Very favorably,Very favorably,Neither favorably nor unfavorably (neutral),Somewhat favorably,Unfamiliar (N/A),Somewhat unfavorably,Unfamiliar (N/A),Somewhat unfavorably,Somewhat favorably,Somewhat favorably,Very unfavorably,Neither favorably nor unfavorably (neutral),Very favorably,Greedo,No,,No,Male,18-29,"$50,000 - $99,999",Some college or Associate degree,Pacific
3292186608,No,,,,,,,,,,,,,,,,,,,,,,,,,,,,,,,Yes,Male,30-44,"$50,000 - $99,999",Graduate degree,Pacific
3292178389,Yes,Yes,Star Wars: Episode I  The Phantom Menace,,,Star Wars: Episode IV  A New Hope,Star Wars: Episode V The Empire Strikes Back,Star Wars: Episode VI Return of the Jedi,4,6,5,3,1,2,Very favorably,Somewhat favorably,Very favorably,Somewhat favorably,Very favorably,Somewhat favorably,Very favorably,Neither favorably nor unfavorably (neutral),Very favorably,Neither favorably nor unfavorably (neutral),Very favorably,Very unfavorably,Somewhat favorably,Very favorably,Greedo,No,,Yes,Male,18-29,"$50,000 - $99,999",Bachelor degree,Mountain
3292176862,Yes,Yes,Star Wars: Episode I  The Phantom Menace,Star Wars: Episode II  Attack of the Clones,Star Wars: Episode III  Revenge of the Sith,Star Wars: Episode IV  A New Hope,Star Wars: Episode V The Empire Strikes Back,Star Wars: Episode VI Return of the Jedi,6,4,5,3,1,2,Neither favorably nor unfavorably (neutral),Somewhat favorably,Somewhat favorably,Somewhat favorably,Very favorably,Very favorably,Somewhat favorably,Somewhat unfavorably,Somewhat favorably,Very favorably,Very favorably,Neither favorably nor unfavorably (neutral),Somewhat favorably,Very favorably,Han,Yes,No,No,Male,18-29,,High school degree,South Atlantic
3292173922,Yes,Yes,Star Wars: Episode I  The Phantom Menace,Star Wars: Episode II  Attack of the Clones,Star Wars: Episode III  Revenge of the Sith,Star Wars: Episode IV  A New Hope,Star Wars: Episode V The Empire Strikes Back,Star Wars: Episode VI Return of the Jedi,4,5,1,6,2,3,Very favorably,Very favorably,Very favorably,Very favorably,Very favorably,Somewhat favorably,Very favorably,Very favorably,Somewhat favorably,Somewhat favorably,Very favorably,Somewhat favorably,Somewhat favorably,Very favorably,I don't understand this question,No,,Yes,Male,30-44,"$50,000 - $99,999",Some college or Associate degree,West South Central
3292167131,Yes,Yes,Star Wars: Episode I  The Phantom Menace,Star Wars: Episode II  Attack of the Clones,Star Wars: Episode III  Revenge of the Sith,Star Wars: Episode IV  A New Hope,Star Wars: Episode V The Empire Strikes Back,Star Wars: Episode VI Return of the Jedi,5,6,4,2,1,3,Very favorably,Very favorably,Very favorably,Somewhat favorably,Somewhat favorably,Somewhat favorably,Somewhat favorably,Somewhat favorably,Somewhat favorably,Somewhat favorably,Somewhat favorably,Somewhat unfavorably,Very unfavorably,Somewhat favorably,Han,Yes,No,No,Male,18-29,"$25,000 - $49,999",High school degree,New England
3292162057,Yes,Yes,Star Wars: Episode I  The Phantom Menace,Star Wars: Episode II  Attack of the Clones,Star Wars: Episode III  Revenge of the Sith,Star Wars: Episode IV  A New Hope,Star Wars: Episode V The Empire Strikes Back,Star Wars: Episode VI Return of the Jedi,6,5,4,2,1,3,Very favorably,Somewhat favorably,Somewhat favorably,Somewhat favorably,Very favorably,Somewhat favorably,Very favorably,Somewhat favorably,Very favorably,Neither favorably nor unfavorably (neutral),Somewhat favorably,Unfamiliar (N/A),Neither favorably nor unfavorably (neutral),Somewhat favorably,Greedo,No,,No,Male,18-29,"$100,000 - $149,999",Some college or Associate degree,Mountain
3292161407,No,,,,,,,,,,,,,,,,,,,,,,,,,,,,,,,No,Male,18-29,,High school degree,West South Central
3292156614,Yes,Yes,Star Wars: Episode I  The Phantom Menace,Star Wars: Episode II  Attack of the Clones,Star Wars: Episode III  Revenge of the Sith,Star Wars: Episode IV  A New Hope,Star Wars: Episode V The Empire Strikes Back,Star Wars: Episode VI Return of the Jedi,4,6,5,2,1,3,Very favorably,Very favorably,Very favorably,Somewhat favorably,Very favorably,Very favorably,Very favorably,Very favorably,Very favorably,Very favorably,Very favorably,Very unfavorably,Somewhat favorably,Very favorably,Han,No,,No,Male,18-29,"$150,000+",Bachelor degree,West South Central
3292148570,Yes,Yes,Star Wars: Episode I  The Phantom Menace,Star Wars: Episode II  Attack of the Clones,Star Wars: Episode III  Revenge of the Sith,Star Wars: Episode IV  A New Hope,Star Wars: Episode V The Empire Strikes Back,Star Wars: Episode VI Return of the Jedi,6,4,5,3,1,2,Very favorably,Somewhat favorably,Somewhat favorably,Neither favorably nor unfavorably (neutral),Neither favorably nor unfavorably (neutral),Neither favorably nor unfavorably (neutral),Somewhat favorably,Neither favorably nor unfavorably (neutral),Somewhat favorably,Very favorably,Somewhat favorably,Very unfavorably,Somewhat unfavorably,Somewhat favorably,Han,No,,Yes,Male,18-29,"$50,000 - $99,999",Graduate degree,West North Central
3292144665,Yes,Yes,Star Wars: Episode I  The Phantom Menace,Star Wars: Episode II  Attack of the Clones,Star Wars: Episode III  Revenge of the Sith,Star Wars: Episode IV  A New Hope,Star Wars: Episode V The Empire Strikes Back,Star Wars: Episode VI Return of the Jedi,6,4,5,3,1,2,Very favorably,Very favorably,Very favorably,Very unfavorably,Very favorably,Somewhat favorably,Very favorably,Very favorably,Very favorably,Very favorably,Very favorably,Very unfavorably,Very favorably,Very favorably,Han,Yes,Yes,No,Male,18-29,"$0 - $24,999",High school degree,New England
3292143503,Yes,No,Star Wars: Episode I  The Phantom Menace,Star Wars: Episode II  Attack of the Clones,,Star Wars: Episode IV  A New Hope,Star Wars: Episode V The Empire Strikes Back,Star Wars: Episode VI Return of the Jedi,5,4,6,1,3,2,Somewhat favorably,Somewhat favorably,Somewhat favorably,Somewhat favorably,Very favorably,Unfamiliar (N/A),Very unfavorably,Unfamiliar (N/A),Very favorably,Somewhat unfavorably,Very favorably,Very unfavorably,Somewhat favorably,Somewhat favorably,I don't understand this question,No,,No,Male,18-29,"$50,000 - $99,999",Bachelor degree,Pacific
3292131636,Yes,Yes,Star Wars: Episode I  The Phantom Menace,Star Wars: Episode II  Attack of the Clones,Star Wars: Episode III  Revenge of the Sith,Star Wars: Episode IV  A New Hope,Star Wars: Episode V The Empire Strikes Back,Star Wars: Episode VI Return of the Jedi,5,6,2,3,1,4,Very favorably,Very favorably,Very favorably,Somewhat unfavorably,Somewhat favorably,Neither favorably nor unfavorably (neutral),Very favorably,Somewhat unfavorably,Very favorably,Very unfavorably,Somewhat favorably,Unfamiliar (N/A),Neither favorably nor unfavorably (neutral),Neither favorably nor unfavorably (neutral),Greedo,Yes,No,No,Male,18-29,"$150,000+",Bachelor degree,Pacific
3292125068,Yes,Yes,,,,Star Wars: Episode IV  A New Hope,,,1,2,3,4,5,6,,Somewhat unfavorably,Somewhat favorably,,Somewhat unfavorably,,,,,,,,,,Greedo,No,,Yes,Male,30-44,"$100,000 - $149,999",Graduate degree,Pacific
3292120160,Yes,Yes,Star Wars: Episode I  The Phantom Menace,Star Wars: Episode II  Attack of the Clones,Star Wars: Episode III  Revenge of the Sith,Star Wars: Episode IV  A New Hope,Star Wars: Episode V The Empire Strikes Back,Star Wars: Episode VI Return of the Jedi,4,5,6,2,1,3,Very favorably,Very favorably,Very favorably,Somewhat favorably,Very favorably,Somewhat favorably,Very favorably,Very favorably,Very favorably,Somewhat favorably,Very favorably,Neither favorably nor unfavorably (neutral),Neither favorably nor unfavorably (neutral),Very favorably,Han,Yes,Yes,No,Male,18-29,"$100,000 - $149,999",Some college or Associate degree,New England
3292103680,Yes,Yes,Star Wars: Episode I  The Phantom Menace,Star Wars: Episode II  Attack of the Clones,Star Wars: Episode III  Revenge of the Sith,Star Wars: Episode IV  A New Hope,Star Wars: Episode V The Empire Strikes Back,Star Wars: Episode VI Return of the Jedi,6,5,4,2,1,3,Very favorably,Very favorably,Very favorably,Somewhat unfavorably,Very favorably,Very unfavorably,Somewhat unfavorably,Somewhat unfavorably,Somewhat unfavorably,Very favorably,Very favorably,Very unfavorably,Somewhat favorably,Very favorably,Greedo,No,,No,Male,30-44,"$50,000 - $99,999",Some college or Associate degree,Pacific
3292050153,Yes,No,Star Wars: Episode I  The Phantom Menace,Star Wars: Episode II  Attack of the Clones,Star Wars: Episode III  Revenge of the Sith,Star Wars: Episode IV  A New Hope,Star Wars: Episode V The Empire Strikes Back,Star Wars: Episode VI Return of the Jedi,1,2,3,4,5,6,Somewhat favorably,Somewhat favorably,Somewhat favorably,Somewhat favorably,Very favorably,Unfamiliar (N/A),Very favorably,Neither favorably nor unfavorably (neutral),Neither favorably nor unfavorably (neutral),Neither favorably nor unfavorably (neutral),Somewhat favorably,Neither favorably nor unfavorably (neutral),Neither favorably nor unfavorably (neutral),Somewhat favorably,I don't understand this question,No,,No,Male,18-29,"$0 - $24,999",Some college or Associate degree,Pacific
3292041365,Yes,Yes,Star Wars: Episode I  The Phantom Menace,Star Wars: Episode II  Attack of the Clones,Star Wars: Episode III  Revenge of the Sith,Star Wars: Episode IV  A New Hope,Star Wars: Episode V The Empire Strikes Back,Star Wars: Episode VI Return of the Jedi,6,5,4,2,1,3,Somewhat favorably,Neither favorably nor unfavorably (neutral),Somewhat favorably,Neither favorably nor unfavorably (neutral),Somewhat favorably,Somewhat unfavorably,Very favorably,Somewhat favorably,Very favorably,Somewhat favorably,Very favorably,Somewhat unfavorably,Somewhat favorably,Very favorably,Han,Yes,Yes,Yes,Male,18-29,"$150,000+",Some college or Associate degree,East South Central
3292033243,Yes,Yes,Star Wars: Episode I  The Phantom Menace,Star Wars: Episode II  Attack of the Clones,Star Wars: Episode III  Revenge of the Sith,Star Wars: Episode IV  A New Hope,Star Wars: Episode V The Empire Strikes Back,Star Wars: Episode VI Return of the Jedi,6,1,5,3,4,2,Very favorably,Very favorably,Very favorably,Somewhat favorably,Very favorably,Very favorably,Very favorably,Very favorably,Very favorably,Very favorably,Very favorably,Somewhat unfavorably,Somewhat favorably,Very favorably,Greedo,Yes,Yes,No,Male,18-29,"$50,000 - $99,999",Some college or Associate degree,South Atlantic
3292031637,Yes,No,Star Wars: Episode I  The Phantom Menace,Star Wars: Episode II  Attack of the Clones,Star Wars: Episode III  Revenge of the Sith,Star Wars: Episode IV  A New Hope,Star Wars: Episode V The Empire Strikes Back,Star Wars: Episode VI Return of the Jedi,6,5,2,4,3,1,Very favorably,Very favorably,Very favorably,Somewhat favorably,Very favorably,Unfamiliar (N/A),Very favorably,Unfamiliar (N/A),Somewhat favorably,Somewhat favorably,Somewhat favorably,Very unfavorably,Unfamiliar (N/A),Somewhat favorably,I don't understand this question,No,,No,Male,18-29,"$25,000 - $49,999",Graduate degree,East South Central
3292008762,Yes,Yes,Star Wars: Episode I  The Phantom Menace,Star Wars: Episode II  Attack of the Clones,Star Wars: Episode III  Revenge of the Sith,Star Wars: Episode IV  A New Hope,Star Wars: Episode V The Empire Strikes Back,Star Wars: Episode VI Return of the Jedi,5,6,4,2,1,3,Very favorably,Somewhat favorably,Somewhat favorably,Very unfavorably,Very favorably,Very favorably,Very favorably,Very favorably,Somewhat favorably,Neither favorably nor unfavorably (neutral),Neither favorably nor unfavorably (neutral),Very unfavorably,Somewhat unfavorably,Somewhat favorably,Han,Yes,Yes,Yes,Male,18-29,"$25,000 - $49,999",Some college or Associate degree,East South Central
3291992352,Yes,Yes,Star Wars: Episode I  The Phantom Menace,Star Wars: Episode II  Attack of the Clones,Star Wars: Episode III  Revenge of the Sith,Star Wars: Episode IV  A New Hope,Star Wars: Episode V The Empire Strikes Back,Star Wars: Episode VI Return of the Jedi,4,5,3,6,2,1,Very favorably,Very favorably,Very favorably,Somewhat unfavorably,,Somewhat favorably,Very favorably,Very favorably,Neither favorably nor unfavorably (neutral),Very favorably,Very unfavorably,,Very favorably,Very favorably,Greedo,No,,Yes,Male,30-44,"$100,000 - $149,999",Graduate degree,West North Central
3291945498,Yes,Yes,Star Wars: Episode I  The Phantom Menace,Star Wars: Episode II  Attack of the Clones,Star Wars: Episode III  Revenge of the Sith,Star Wars: Episode IV  A New Hope,Star Wars: Episode V The Empire Strikes Back,Star Wars: Episode VI Return of the Jedi,6,4,5,2,1,3,Very favorably,Somewhat favorably,Very favorably,Somewhat unfavorably,Very favorably,Neither favorably nor unfavorably (neutral),Somewhat favorably,Somewhat favorably,Somewhat favorably,Very favorably,Very favorably,Unfamiliar (N/A),Somewhat unfavorably,Somewhat favorably,Han,No,,Yes,Male,30-44,"$50,000 - $99,999",Graduate degree,West North Central
3291940517,Yes,Yes,Star Wars: Episode I  The Phantom Menace,Star Wars: Episode II  Attack of the Clones,Star Wars: Episode III  Revenge of the Sith,Star Wars: Episode IV  A New Hope,Star Wars: Episode V The Empire Strikes Back,Star Wars: Episode VI Return of the Jedi,6,5,4,3,2,1,Very favorably,Somewhat favorably,Somewhat favorably,Somewhat favorably,Somewhat favorably,Somewhat favorably,Somewhat favorably,Neither favorably nor unfavorably (neutral),Somewhat favorably,Somewhat favorably,Very favorably,Very unfavorably,Somewhat favorably,Very favorably,Han,No,,Yes,Male,18-29,"$100,000 - $149,999",Bachelor degree,West North Central
3291871486,Yes,Yes,Star Wars: Episode I  The Phantom Menace,Star Wars: Episode II  Attack of the Clones,Star Wars: Episode III  Revenge of the Sith,Star Wars: Episode IV  A New Hope,Star Wars: Episode V The Empire Strikes Back,Star Wars: Episode VI Return of the Jedi,5,6,2,4,1,3,Very favorably,Very favorably,Very favorably,Somewhat favorably,Very favorably,Very favorably,Very favorably,Very favorably,Very favorably,Very favorably,Very favorably,Very unfavorably,Very favorably,Very favorably,Greedo,Yes,No,Yes,Male,18-29,"$100,000 - $149,999",Graduate degree,South Atlantic
3291778150,Yes,Yes,Star Wars: Episode I  The Phantom Menace,Star Wars: Episode II  Attack of the Clones,Star Wars: Episode III  Revenge of the Sith,Star Wars: Episode IV  A New Hope,Star Wars: Episode V The Empire Strikes Back,Star Wars: Episode VI Return of the Jedi,4,5,6,1,2,3,Very favorably,Very favorably,Very favorably,Very favorably,Very favorably,Very favorably,Very favorably,Neither favorably nor unfavorably (neutral),Very favorably,Very favorably,Very favorably,Very favorably,Very favorably,Very favorably,Greedo,No,,Yes,Male,18-29,"$25,000 - $49,999",Bachelor degree,Middle Atlantic
3291766314,Yes,No,Star Wars: Episode I  The Phantom Menace,Star Wars: Episode II  Attack of the Clones,Star Wars: Episode III  Revenge of the Sith,Star Wars: Episode IV  A New Hope,Star Wars: Episode V The Empire Strikes Back,Star Wars: Episode VI Return of the Jedi,4,5,6,2,3,1,Very favorably,Somewhat favorably,Very favorably,Neither favorably nor unfavorably (neutral),Somewhat favorably,Neither favorably nor unfavorably (neutral),Neither favorably nor unfavorably (neutral),Neither favorably nor unfavorably (neutral),Somewhat unfavorably,Very favorably,Very favorably,Very favorably,Somewhat favorably,Very favorably,I don't understand this question,No,,No,Male,30-44,"$50,000 - $99,999",High school degree,Pacific
3291762799,Yes,Yes,Star Wars: Episode I  The Phantom Menace,Star Wars: Episode II  Attack of the Clones,Star Wars: Episode III  Revenge of the Sith,Star Wars: Episode IV  A New Hope,Star Wars: Episode V The Empire Strikes Back,Star Wars: Episode VI Return of the Jedi,3,4,5,6,1,2,Very favorably,Very favorably,Very favorably,Very favorably,Very favorably,Neither favorably nor unfavorably (neutral),Somewhat favorably,Neither favorably nor unfavorably (neutral),Somewhat unfavorably,Very favorably,Very favorably,Somewhat unfavorably,Somewhat unfavorably,Very favorably,Greedo,No,,Yes,Male,30-44,"$50,000 - $99,999",Some college or Associate degree,East North Central
3291707153,Yes,No,,,,,Star Wars: Episode V The Empire Strikes Back,Star Wars: Episode VI Return of the Jedi,3,4,5,6,1,2,Somewhat favorably,Very favorably,Very favorably,Somewhat favorably,Somewhat favorably,Neither favorably nor unfavorably (neutral),Somewhat unfavorably,Neither favorably nor unfavorably (neutral),Somewhat unfavorably,Somewhat favorably,Somewhat favorably,Somewhat favorably,Neither favorably nor unfavorably (neutral),Very favorably,Greedo,No,,No,Male,30-44,"$50,000 - $99,999",Bachelor degree,West South Central
3291701619,Yes,Yes,Star Wars: Episode I  The Phantom Menace,Star Wars: Episode II  Attack of the Clones,Star Wars: Episode III  Revenge of the Sith,Star Wars: Episode IV  A New Hope,Star Wars: Episode V The Empire Strikes Back,Star Wars: Episode VI Return of the Jedi,6,5,2,3,4,1,Very favorably,Very favorably,Somewhat favorably,Somewhat favorably,Somewhat favorably,Somewhat unfavorably,Neither favorably nor unfavorably (neutral),Very favorably,Very favorably,Somewhat favorably,Somewhat favorably,Very unfavorably,Neither favorably nor unfavorably (neutral),Very favorably,Greedo,No,,Yes,Male,18-29,,Bachelor degree,New England
3291696391,Yes,Yes,Star Wars: Episode I  The Phantom Menace,Star Wars: Episode II  Attack of the Clones,,Star Wars: Episode IV  A New Hope,Star Wars: Episode V The Empire Strikes Back,Star Wars: Episode VI Return of the Jedi,5,4,6,1,2,3,Very favorably,Very favorably,Very favorably,Somewhat favorably,Very favorably,Neither favorably nor unfavorably (neutral),Very favorably,Somewhat favorably,Very favorably,Somewhat favorably,Very favorably,Very unfavorably,Neither favorably nor unfavorably (neutral),Somewhat favorably,Han,Yes,No,No,Male,30-44,"$100,000 - $149,999",Bachelor degree,West North Central
3291684768,Yes,Yes,Star Wars: Episode I  The Phantom Menace,Star Wars: Episode II  Attack of the Clones,Star Wars: Episode III  Revenge of the Sith,Star Wars: Episode IV  A New Hope,Star Wars: Episode V The Empire Strikes Back,Star Wars: Episode VI Return of the Jedi,6,5,4,1,2,3,Very favorably,Very favorably,Very favorably,Somewhat unfavorably,Very favorably,Neither favorably nor unfavorably (neutral),Very unfavorably,Somewhat favorably,Very unfavorably,Somewhat favorably,Somewhat favorably,Very unfavorably,Very favorably,Very favorably,Han,No,,No,Male,30-44,"$100,000 - $149,999",Graduate degree,East North Central
3291669388,Yes,,,,,,,,,,,,,,,,,,,,,,,,,,,,,,,,,,,,
3291661584,Yes,No,,,,,Star Wars: Episode V The Empire Strikes Back,Star Wars: Episode VI Return of the Jedi,6,5,4,3,2,1,Somewhat favorably,Somewhat favorably,Somewhat favorably,Neither favorably nor unfavorably (neutral),Somewhat favorably,Neither favorably nor unfavorably (neutral),Somewhat favorably,Unfamiliar (N/A),Neither favorably nor unfavorably (neutral),Somewhat favorably,Somewhat favorably,Unfamiliar (N/A),Unfamiliar (N/A),Somewhat favorably,I don't understand this question,No,,No,Male,> 60,"$50,000 - $99,999",Some college or Associate degree,South Atlantic
3291658046,Yes,Yes,Star Wars: Episode I  The Phantom Menace,Star Wars: Episode II  Attack of the Clones,Star Wars: Episode III  Revenge of the Sith,Star Wars: Episode IV  A New Hope,Star Wars: Episode V The Empire Strikes Back,Star Wars: Episode VI Return of the Jedi,6,4,5,1,2,3,Somewhat favorably,Somewhat favorably,Neither favorably nor unfavorably (neutral),Somewhat favorably,Very favorably,Neither favorably nor unfavorably (neutral),Somewhat favorably,Neither favorably nor unfavorably (neutral),Neither favorably nor unfavorably (neutral),Very favorably,Very favorably,Very favorably,Neither favorably nor unfavorably (neutral),Very favorably,Greedo,No,,Yes,Male,30-44,,Graduate degree,South Atlantic
3291654919,Yes,Yes,Star Wars: Episode I  The Phantom Menace,Star Wars: Episode II  Attack of the Clones,Star Wars: Episode III  Revenge of the Sith,Star Wars: Episode IV  A New Hope,Star Wars: Episode V The Empire Strikes Back,Star Wars: Episode VI Return of the Jedi,6,5,4,2,3,1,Very favorably,Very favorably,Very favorably,Somewhat favorably,Very favorably,Very unfavorably,Very unfavorably,Very favorably,Very unfavorably,Very favorably,Very favorably,Very unfavorably,Very favorably,Very favorably,Greedo,No,,Yes,Male,> 60,"$50,000 - $99,999",Graduate degree,East North Central
3291653882,No,,,,,,,,,,,,,,,,,,,,,,,,,,,,,,,No,Male,18-29,"$50,000 - $99,999",Some college or Associate degree,East North Central
3291650311,Yes,Yes,Star Wars: Episode I  The Phantom Menace,Star Wars: Episode II  Attack of the Clones,Star Wars: Episode III  Revenge of the Sith,Star Wars: Episode IV  A New Hope,Star Wars: Episode V The Empire Strikes Back,Star Wars: Episode VI Return of the Jedi,6,5,3,2,1,4,Very favorably,Very favorably,Very favorably,Very favorably,Very favorably,Very favorably,Very favorably,Somewhat favorably,Somewhat favorably,Very favorably,Very favorably,Very unfavorably,Somewhat favorably,Very favorably,Han,No,,Yes,Male,30-44,"$25,000 - $49,999",Some college or Associate degree,East North Central
3291649780,No,,,,,,,,,,,,,,,,,,,,,,,,,,,,,,,No,,,,,
3291648660,No,,,,,,,,,,,,,,,,,,,,,,,,,,,,,,,No,Male,> 60,,,West North Central
3291641416,Yes,No,Star Wars: Episode I  The Phantom Menace,Star Wars: Episode II  Attack of the Clones,Star Wars: Episode III  Revenge of the Sith,,Star Wars: Episode V The Empire Strikes Back,Star Wars: Episode VI Return of the Jedi,1,4,3,6,5,2,Very favorably,Somewhat favorably,Somewhat favorably,Neither favorably nor unfavorably (neutral),Somewhat favorably,Neither favorably nor unfavorably (neutral),Neither favorably nor unfavorably (neutral),Neither favorably nor unfavorably (neutral),Somewhat unfavorably,Neither favorably nor unfavorably (neutral),Somewhat favorably,Somewhat unfavorably,,Very favorably,Greedo,Yes,No,Yes,Male,> 60,"$100,000 - $149,999",Graduate degree,East North Central
3291635934,No,,,,,,,,,,,,,,,,,,,,,,,,,,,,,,,No,Male,> 60,"$25,000 - $49,999",Some college or Associate degree,New England
3291634205,Yes,No,Star Wars: Episode I  The Phantom Menace,Star Wars: Episode II  Attack of the Clones,,Star Wars: Episode IV  A New Hope,Star Wars: Episode V The Empire Strikes Back,Star Wars: Episode VI Return of the Jedi,5,4,6,2,3,1,Very favorably,Neither favorably nor unfavorably (neutral),Neither favorably nor unfavorably (neutral),Neither favorably nor unfavorably (neutral),Neither favorably nor unfavorably (neutral),Unfamiliar (N/A),Somewhat favorably,Neither favorably nor unfavorably (neutral),Neither favorably nor unfavorably (neutral),Somewhat unfavorably,Neither favorably nor unfavorably (neutral),Very unfavorably,Neither favorably nor unfavorably (neutral),Somewhat favorably,Han,No,,No,Male,30-44,"$0 - $24,999",Bachelor degree,Pacific
3291618031,Yes,No,,,,Star Wars: Episode IV  A New Hope,Star Wars: Episode V The Empire Strikes Back,Star Wars: Episode VI Return of the Jedi,6,5,4,1,3,2,Very favorably,Somewhat favorably,Somewhat favorably,Very unfavorably,Very favorably,Unfamiliar (N/A),Neither favorably nor unfavorably (neutral),Unfamiliar (N/A),Neither favorably nor unfavorably (neutral),Very favorably,Somewhat favorably,Very unfavorably,Unfamiliar (N/A),Very favorably,Han,No,,No,Male,18-29,,Bachelor degree,Middle Atlantic
3291603688,No,,,,,,,,,,,,,,,,,,,,,,,,,,,,,,,No,Male,18-29,"$25,000 - $49,999",,West North Central
3291602842,Yes,Yes,Star Wars: Episode I  The Phantom Menace,Star Wars: Episode II  Attack of the Clones,Star Wars: Episode III  Revenge of the Sith,Star Wars: Episode IV  A New Hope,Star Wars: Episode V The Empire Strikes Back,Star Wars: Episode VI Return of the Jedi,1,2,3,4,5,6,Neither favorably nor unfavorably (neutral),Somewhat favorably,Somewhat favorably,Very favorably,Very favorably,Neither favorably nor unfavorably (neutral),Very favorably,Somewhat unfavorably,Neither favorably nor unfavorably (neutral),Very favorably,Very favorably,Neither favorably nor unfavorably (neutral),Neither favorably nor unfavorably (neutral),Neither favorably nor unfavorably (neutral),Greedo,Yes,No,No,Male,30-44,"$50,000 - $99,999",High school degree,Pacific
3291598188,Yes,Yes,,,Star Wars: Episode III  Revenge of the Sith,Star Wars: Episode IV  A New Hope,Star Wars: Episode V The Empire Strikes Back,Star Wars: Episode VI Return of the Jedi,6,5,4,3,2,1,Very favorably,Very favorably,Very favorably,Very favorably,Very favorably,Very unfavorably,Very unfavorably,Neither favorably nor unfavorably (neutral),Neither favorably nor unfavorably (neutral),Very favorably,Very favorably,Unfamiliar (N/A),Unfamiliar (N/A),Very favorably,I don't understand this question,No,,Yes,Male,> 60,"$50,000 - $99,999",High school degree,South Atlantic
3291588139,Yes,Yes,Star Wars: Episode I  The Phantom Menace,Star Wars: Episode II  Attack of the Clones,Star Wars: Episode III  Revenge of the Sith,Star Wars: Episode IV  A New Hope,Star Wars: Episode V The Empire Strikes Back,Star Wars: Episode VI Return of the Jedi,1,4,5,2,3,6,Very favorably,Very favorably,Neither favorably nor unfavorably (neutral),Somewhat favorably,Very favorably,Neither favorably nor unfavorably (neutral),Very favorably,Very favorably,Neither favorably nor unfavorably (neutral),Very favorably,Very favorably,Neither favorably nor unfavorably (neutral),Unfamiliar (N/A),Very favorably,Han,No,,Yes,Male,> 60,"$50,000 - $99,999",Bachelor degree,West South Central
3291570206,Yes,,,,,,,,,,,,,,,,,,,,,,,,,,,,,,,,,,,,
3291548852,Yes,Yes,Star Wars: Episode I  The Phantom Menace,Star Wars: Episode II  Attack of the Clones,Star Wars: Episode III  Revenge of the Sith,Star Wars: Episode IV  A New Hope,Star Wars: Episode V The Empire Strikes Back,Star Wars: Episode VI Return of the Jedi,6,5,4,1,3,2,Very favorably,Very favorably,Very favorably,Somewhat favorably,Very favorably,Very favorably,Very favorably,Somewhat favorably,Very favorably,Very favorably,Very favorably,Very unfavorably,Somewhat favorably,Very favorably,Greedo,No,,No,Male,30-44,"$50,000 - $99,999",Bachelor degree,East North Central
3291529925,Yes,Yes,Star Wars: Episode I  The Phantom Menace,Star Wars: Episode II  Attack of the Clones,Star Wars: Episode III  Revenge of the Sith,Star Wars: Episode IV  A New Hope,Star Wars: Episode V The Empire Strikes Back,Star Wars: Episode VI Return of the Jedi,3,5,6,2,1,4,Very favorably,Very favorably,Somewhat favorably,Somewhat favorably,Very favorably,Somewhat unfavorably,Very favorably,Somewhat unfavorably,Neither favorably nor unfavorably (neutral),Very favorably,Very favorably,Somewhat unfavorably,Somewhat favorably,Very favorably,I don't understand this question,No,,No,Male,30-44,"$100,000 - $149,999",Bachelor degree,Middle Atlantic
3291524547,Yes,No,Star Wars: Episode I  The Phantom Menace,Star Wars: Episode II  Attack of the Clones,Star Wars: Episode III  Revenge of the Sith,,,,1,2,3,4,5,6,Very favorably,Very favorably,Very favorably,Unfamiliar (N/A),Unfamiliar (N/A),Unfamiliar (N/A),Very favorably,Unfamiliar (N/A),Unfamiliar (N/A),Very favorably,Very favorably,Unfamiliar (N/A),Unfamiliar (N/A),Very favorably,Greedo,No,,No,Male,> 60,"$50,000 - $99,999",Bachelor degree,East North Central
3291502449,Yes,Yes,Star Wars: Episode I  The Phantom Menace,Star Wars: Episode II  Attack of the Clones,,,Star Wars: Episode V The Empire Strikes Back,Star Wars: Episode VI Return of the Jedi,2,3,6,5,1,4,Very favorably,Very favorably,Very favorably,Very favorably,Very favorably,Neither favorably nor unfavorably (neutral),Very favorably,Unfamiliar (N/A),Unfamiliar (N/A),Very favorably,Very favorably,Unfamiliar (N/A),Unfamiliar (N/A),Somewhat favorably,I don't understand this question,No,,Yes,Male,> 60,"$100,000 - $149,999",Some college or Associate degree,South Atlantic
3291497337,Yes,Yes,Star Wars: Episode I  The Phantom Menace,Star Wars: Episode II  Attack of the Clones,Star Wars: Episode III  Revenge of the Sith,Star Wars: Episode IV  A New Hope,Star Wars: Episode V The Empire Strikes Back,Star Wars: Episode VI Return of the Jedi,6,5,4,1,3,2,Very favorably,Very favorably,Very favorably,Neither favorably nor unfavorably (neutral),Very favorably,Neither favorably nor unfavorably (neutral),Very favorably,Neither favorably nor unfavorably (neutral),Neither favorably nor unfavorably (neutral),,Somewhat favorably,Very unfavorably,Somewhat favorably,Very favorably,Greedo,Yes,Yes,Yes,Male,> 60,"$150,000+",Bachelor degree,South Atlantic
3291482197,Yes,Yes,Star Wars: Episode I  The Phantom Menace,Star Wars: Episode II  Attack of the Clones,Star Wars: Episode III  Revenge of the Sith,Star Wars: Episode IV  A New Hope,Star Wars: Episode V The Empire Strikes Back,Star Wars: Episode VI Return of the Jedi,5,3,4,6,2,1,Somewhat favorably,Somewhat favorably,Somewhat favorably,Somewhat favorably,Somewhat favorably,Somewhat favorably,Somewhat favorably,Somewhat favorably,Neither favorably nor unfavorably (neutral),Neither favorably nor unfavorably (neutral),Neither favorably nor unfavorably (neutral),Somewhat unfavorably,Somewhat favorably,Very favorably,Greedo,No,,Yes,Male,30-44,"$25,000 - $49,999",Graduate degree,South Atlantic
3291476650,No,,,,,,,,,,,,,,,,,,,,,,,,,,,,,,,No,Male,30-44,"$25,000 - $49,999",Bachelor degree,East North Central
3291470613,No,,,,,,,,,,,,,,,,,,,,,,,,,,,,,,,No,Male,30-44,"$100,000 - $149,999",Bachelor degree,Middle Atlantic
3291469991,Yes,,,,,,,,,,,,,,,,,,,,,,,,,,,,,,,,,,,,
3291468155,Yes,No,,,,Star Wars: Episode IV  A New Hope,Star Wars: Episode V The Empire Strikes Back,Star Wars: Episode VI Return of the Jedi,4,5,6,1,2,3,Very favorably,Neither favorably nor unfavorably (neutral),Somewhat favorably,Unfamiliar (N/A),Somewhat favorably,Unfamiliar (N/A),Somewhat favorably,Somewhat favorably,Somewhat unfavorably,Neither favorably nor unfavorably (neutral),Neither favorably nor unfavorably (neutral),Neither favorably nor unfavorably (neutral),Unfamiliar (N/A),Somewhat favorably,Greedo,No,,Yes,Male,> 60,"$100,000 - $149,999",Some college or Associate degree,Pacific
3291461574,Yes,Yes,,,,Star Wars: Episode IV  A New Hope,Star Wars: Episode V The Empire Strikes Back,Star Wars: Episode VI Return of the Jedi,6,5,4,1,3,2,Somewhat favorably,Somewhat favorably,Somewhat favorably,Neither favorably nor unfavorably (neutral),Somewhat favorably,Unfamiliar (N/A),Somewhat favorably,Somewhat unfavorably,Neither favorably nor unfavorably (neutral),Very favorably,Very favorably,Very unfavorably,Unfamiliar (N/A),Very favorably,Han,No,,Yes,Male,30-44,,Bachelor degree,East North Central
3291455642,Yes,No,,,,,Star Wars: Episode V The Empire Strikes Back,,2,3,4,5,1,6,,Very favorably,Very favorably,,Very favorably,,Very unfavorably,,,Very favorably,Very favorably,Very favorably,,,I don't understand this question,No,,No,Male,> 60,"$25,000 - $49,999",Some college or Associate degree,South Atlantic
3291446474,Yes,No,,,,,Star Wars: Episode V The Empire Strikes Back,Star Wars: Episode VI Return of the Jedi,3,4,5,6,2,1,Somewhat favorably,Very favorably,Very favorably,Unfamiliar (N/A),Somewhat favorably,Unfamiliar (N/A),Very favorably,Unfamiliar (N/A),Somewhat favorably,Very favorably,Very favorably,Unfamiliar (N/A),Unfamiliar (N/A),Very favorably,I don't understand this question,No,,No,Male,30-44,"$50,000 - $99,999",High school degree,East North Central
3291446275,Yes,Yes,Star Wars: Episode I  The Phantom Menace,Star Wars: Episode II  Attack of the Clones,Star Wars: Episode III  Revenge of the Sith,Star Wars: Episode IV  A New Hope,Star Wars: Episode V The Empire Strikes Back,Star Wars: Episode VI Return of the Jedi,3,5,6,2,4,1,Somewhat favorably,Somewhat favorably,Somewhat favorably,Somewhat favorably,Somewhat favorably,Somewhat favorably,Somewhat favorably,Somewhat favorably,Somewhat favorably,Somewhat favorably,Somewhat favorably,Somewhat favorably,Somewhat favorably,Somewhat favorably,Han,No,,Yes,Male,30-44,"$50,000 - $99,999",Some college or Associate degree,Middle Atlantic
3291439708,Yes,Yes,Star Wars: Episode I  The Phantom Menace,Star Wars: Episode II  Attack of the Clones,,,Star Wars: Episode V The Empire Strikes Back,Star Wars: Episode VI Return of the Jedi,1,4,5,6,2,3,Very favorably,Somewhat favorably,Somewhat favorably,,Very favorably,Neither favorably nor unfavorably (neutral),Very unfavorably,Unfamiliar (N/A),Neither favorably nor unfavorably (neutral),Very favorably,Very favorably,Very unfavorably,Unfamiliar (N/A),Somewhat favorably,Greedo,Yes,No,Yes,Female,> 60,"$50,000 - $99,999",Bachelor degree,South Atlantic
3291439404,Yes,No,Star Wars: Episode I  The Phantom Menace,,,,,,1,2,3,4,5,6,Very favorably,Somewhat favorably,Somewhat favorably,Unfamiliar (N/A),Very favorably,Unfamiliar (N/A),Somewhat unfavorably,Unfamiliar (N/A),Unfamiliar (N/A),Very favorably,Very favorably,Unfamiliar (N/A),Unfamiliar (N/A),Somewhat favorably,I don't understand this question,No,,No,Female,> 60,"$25,000 - $49,999",Graduate degree,Pacific
3291437345,Yes,No,Star Wars: Episode I  The Phantom Menace,Star Wars: Episode II  Attack of the Clones,Star Wars: Episode III  Revenge of the Sith,Star Wars: Episode IV  A New Hope,Star Wars: Episode V The Empire Strikes Back,Star Wars: Episode VI Return of the Jedi,4,5,2,1,3,6,Very favorably,Very favorably,Very favorably,Somewhat favorably,Very favorably,Somewhat favorably,Very favorably,Somewhat favorably,Somewhat favorably,Very favorably,Very favorably,Somewhat favorably,Somewhat favorably,Very favorably,Han,No,,No,Male,30-44,"$50,000 - $99,999",Some college or Associate degree,West North Central
3291435787,Yes,No,Star Wars: Episode I  The Phantom Menace,,,,Star Wars: Episode V The Empire Strikes Back,Star Wars: Episode VI Return of the Jedi,3,4,5,6,1,2,Very favorably,Very favorably,Very favorably,Somewhat favorably,Somewhat favorably,Neither favorably nor unfavorably (neutral),Very favorably,Neither favorably nor unfavorably (neutral),Neither favorably nor unfavorably (neutral),Very favorably,Very favorably,Neither favorably nor unfavorably (neutral),Neither favorably nor unfavorably (neutral),Somewhat favorably,I don't understand this question,No,,No,Female,30-44,"$50,000 - $99,999",Graduate degree,South Atlantic
3291435056,No,,,,,,,,,,,,,,,,,,,,,,,,,,,,,,,,,,,,
3291433636,Yes,No,Star Wars: Episode I  The Phantom Menace,Star Wars: Episode II  Attack of the Clones,Star Wars: Episode III  Revenge of the Sith,,Star Wars: Episode V The Empire Strikes Back,Star Wars: Episode VI Return of the Jedi,3,4,5,6,2,1,Very favorably,Very favorably,Very favorably,Somewhat favorably,Somewhat favorably,Unfamiliar (N/A),Very favorably,Unfamiliar (N/A),Neither favorably nor unfavorably (neutral),Very favorably,Very favorably,Very favorably,Unfamiliar (N/A),Somewhat unfavorably,I don't understand this question,No,,No,Female,30-44,"$25,000 - $49,999",Bachelor degree,West South Central
3291431939,Yes,Yes,Star Wars: Episode I  The Phantom Menace,Star Wars: Episode II  Attack of the Clones,Star Wars: Episode III  Revenge of the Sith,Star Wars: Episode IV  A New Hope,Star Wars: Episode V The Empire Strikes Back,Star Wars: Episode VI Return of the Jedi,3,6,4,1,2,5,Very favorably,Very favorably,Very favorably,Somewhat favorably,Somewhat favorably,Very favorably,Very favorably,Somewhat favorably,Somewhat favorably,Very favorably,Very favorably,Somewhat favorably,Very favorably,Very favorably,Han,No,,Yes,Female,30-44,"$25,000 - $49,999",Graduate degree,South Atlantic
3291430239,No,,,,,,,,,,,,,,,,,,,,,,,,,,,,,,,No,Female,> 60,"$25,000 - $49,999",Some college or Associate degree,East North Central
3291430193,No,,,,,,,,,,,,,,,,,,,,,,,,,,,,,,,,,,,,
3291428174,Yes,No,,,Star Wars: Episode III  Revenge of the Sith,,Star Wars: Episode V The Empire Strikes Back,Star Wars: Episode VI Return of the Jedi,4,5,3,6,1,2,Very favorably,Very favorably,Very favorably,Very favorably,Very favorably,Neither favorably nor unfavorably (neutral),Somewhat favorably,Neither favorably nor unfavorably (neutral),Neither favorably nor unfavorably (neutral),,Somewhat favorably,Neither favorably nor unfavorably (neutral),Neither favorably nor unfavorably (neutral),Somewhat favorably,I don't understand this question,No,,No,Female,30-44,"$50,000 - $99,999",Some college or Associate degree,East North Central
3291427761,No,,,,,,,,,,,,,,,,,,,,,,,,,,,,,,,No,Female,30-44,"$50,000 - $99,999",Some college or Associate degree,South Atlantic
3291425110,Yes,Yes,Star Wars: Episode I  The Phantom Menace,Star Wars: Episode II  Attack of the Clones,Star Wars: Episode III  Revenge of the Sith,Star Wars: Episode IV  A New Hope,Star Wars: Episode V The Empire Strikes Back,Star Wars: Episode VI Return of the Jedi,6,4,5,1,2,3,Very favorably,Very favorably,Very favorably,Somewhat unfavorably,Very favorably,Very unfavorably,Very favorably,Somewhat favorably,Somewhat favorably,Somewhat favorably,Very favorably,Very unfavorably,Neither favorably nor unfavorably (neutral),Very favorably,Han,Yes,No,Yes,Female,30-44,"$50,000 - $99,999",Graduate degree,South Atlantic
3291424127,Yes,Yes,Star Wars: Episode I  The Phantom Menace,Star Wars: Episode II  Attack of the Clones,Star Wars: Episode III  Revenge of the Sith,Star Wars: Episode IV  A New Hope,Star Wars: Episode V The Empire Strikes Back,Star Wars: Episode VI Return of the Jedi,4,5,6,3,2,1,Very favorably,Somewhat favorably,Very favorably,Neither favorably nor unfavorably (neutral),Very favorably,Somewhat unfavorably,Very favorably,Somewhat favorably,Very favorably,Very favorably,Very favorably,Somewhat unfavorably,Unfamiliar (N/A),Very favorably,I don't understand this question,No,,No,Female,> 60,"$25,000 - $49,999",Bachelor degree,South Atlantic
3291424006,No,,,,,,,,,,,,,,,,,,,,,,,,,,,,,,,No,Female,30-44,"$100,000 - $149,999",Bachelor degree,East North Central
3291422637,Yes,No,,,,Star Wars: Episode IV  A New Hope,Star Wars: Episode V The Empire Strikes Back,Star Wars: Episode VI Return of the Jedi,4,5,6,2,3,1,Very favorably,Somewhat favorably,Somewhat favorably,,Very favorably,,Very unfavorably,,,Somewhat favorably,Somewhat favorably,,,Very favorably,I don't understand this question,No,,No,Female,> 60,"$25,000 - $49,999",Graduate degree,East North Central